Date (GMT+1),Non-Renewable,Renewable,Day Ahead Auction (DE-LU)
,Power (MW),Power (MW),"Price (EUR/MWh, EUR/tCO2)"
2025-01-01T00:00+01:00,12487.84518,42314.57554,2.16
2025-01-01T01:00+01:00,12480.85784,43213.07543,1.6
2025-01-01T02:00+01:00,11862.01982,43761.44446,0
2025-01-01T03:00+01:00,11760.25861,41859.53075,-0.01
2025-01-01T04:00+01:00,11751.32131,41548.81149,-0.01
2025-01-01T05:00+01:00,11681.80785,41885.70607,-0.06
2025-01-01T06:00+01:00,11570.64366,43388.34159,-0.09
2025-01-01T07:00+01:00,11251.23094,44343.27705,-0.01
2025-01-01T08:00+01:00,10756.02587,45529.06019,-0.01
2025-01-01T09:00+01:00,10659.57414,47451.08126,-0.04
2025-01-01T10:00+01:00,10722.02544,53147.18253,-0.03
2025-01-01T11:00+01:00,10738.77791,55494.93804,-0.1
2025-01-01T12:00+01:00,10431.35927,57947.66965,-0.05
2025-01-01T13:00+01:00,10355.31643,58450.70209,-0.1
2025-01-01T14:00+01:00,10339.65959,56199.33126,-1.01
2025-01-01T15:00+01:00,10395.79893,55281.20839,-0.01
2025-01-01T16:00+01:00,10655.55321,53140.45518,-0.01
2025-01-01T17:00+01:00,11028.37686,55292.03043,0.07
2025-01-01T18:00+01:00,11290.20454,54680.46546,1.01
2025-01-01T19:00+01:00,11445.29959,53131.98752,1.48
2025-01-01T20:00+01:00,11309.27398,53035.09283,1
2025-01-01T21:00+01:00,11386.27191,51800.45472,0.07
2025-01-01T22:00+01:00,11406.37539,50054.3063,10.05
2025-01-01T23:00+01:00,11443.90352,50162.85866,7.01
2025-01-02T00:00+01:00,11854.168,48057.5383,2.55
2025-01-02T01:00+01:00,11684.05196,47211.19888,1.56
2025-01-02T02:00+01:00,11388.12684,45485.43742,3.45
2025-01-02T03:00+01:00,11375.50139,44135.493,7.02
2025-01-02T04:00+01:00,12648.20938,41811.47285,12.75
2025-01-02T05:00+01:00,14241.52718,40288.0484,30.07
2025-01-02T06:00+01:00,17308.1364,39396.10991,67.13
2025-01-02T07:00+01:00,21010.76211,36514.13227,98.83
2025-01-02T08:00+01:00,23871.96638,33932.6242,121.53
2025-01-02T09:00+01:00,25165.43814,32284.72486,127.23
2025-01-02T10:00+01:00,26366.65318,30927.70859,126.35
2025-01-02T11:00+01:00,26477.1458,30857.37802,119.97
2025-01-02T12:00+01:00,26417.51275,30270.5757,115.95
2025-01-02T13:00+01:00,26164.10444,29736.636,113.9
2025-01-02T14:00+01:00,25995.78678,26566.98998,122.21
2025-01-02T15:00+01:00,26209.92563,24262.05984,130.11
2025-01-02T16:00+01:00,26384.87562,24362.82678,138.59
2025-01-02T17:00+01:00,26298.65615,26892.79781,152.87
2025-01-02T18:00+01:00,26888.36957,27602.13274,152.94
2025-01-02T19:00+01:00,27102.2917,29810.9564,139.15
2025-01-02T20:00+01:00,26814.8201,30775.75562,130
2025-01-02T21:00+01:00,25568.70374,30141.65333,119.78
2025-01-02T22:00+01:00,25098.7113,30793.73205,113.42
2025-01-02T23:00+01:00,23247.98263,31009.6568,82.47
2025-01-03T00:00+01:00,22072.83665,30908.10398,99.56
2025-01-03T01:00+01:00,21362.70101,31106.99879,87.53
2025-01-03T02:00+01:00,21905.86281,32158.85174,85.01
2025-01-03T03:00+01:00,21995.54877,32447.31936,83.79
2025-01-03T04:00+01:00,22111.78031,34063.51581,77.5
2025-01-03T05:00+01:00,22500.10311,35459.78183,79.88
2025-01-03T06:00+01:00,23172.8715,37426.8134,83.56
2025-01-03T07:00+01:00,22616.52835,38546.9672,78.43
2025-01-03T08:00+01:00,23164.4726,41028.54367,82.57
2025-01-03T09:00+01:00,23310.21471,43653.6372,80.76
2025-01-03T10:00+01:00,23527.06123,46530.43511,77.64
2025-01-03T11:00+01:00,23570.14723,49791.56355,70.48
2025-01-03T12:00+01:00,23013.66505,50069.65975,69.94
2025-01-03T13:00+01:00,22554.48463,48617.73142,77.8
2025-01-03T14:00+01:00,21690.93695,46683.5476,78.81
2025-01-03T15:00+01:00,22595.98519,43530.48326,85.29
2025-01-03T16:00+01:00,23968.20585,41376.54801,105.51
2025-01-03T17:00+01:00,24989.77375,40480.46984,116.66
2025-01-03T18:00+01:00,24995.35823,38422.92182,115.06
2025-01-03T19:00+01:00,25047.42824,38428.37367,114.91
2025-01-03T20:00+01:00,24922.96482,38020.99683,113.3
2025-01-03T21:00+01:00,25115.74378,37517.43077,107.8
2025-01-03T22:00+01:00,24609.30025,35606.63372,98.22
2025-01-03T23:00+01:00,23903.94625,33766.29086,88.57
2025-01-04T00:00+01:00,22200.58245,31998.66127,90.43
2025-01-04T01:00+01:00,22199.53591,29972.13221,90.29
2025-01-04T02:00+01:00,22447.86908,26769.27437,90.2
2025-01-04T03:00+01:00,22766.83598,23592.07154,91.52
2025-01-04T04:00+01:00,23491.43472,21224.42964,95.95
2025-01-04T05:00+01:00,24446.44054,18342.78658,102.11
2025-01-04T06:00+01:00,25891.41599,17076.48291,110.66
2025-01-04T07:00+01:00,26539.53608,16193.98994,119.96
2025-01-04T08:00+01:00,27421.77986,16299.46771,128.39
2025-01-04T09:00+01:00,27825.89642,18213.18274,130.75
2025-01-04T10:00+01:00,28017.45447,20085.4134,130.34
2025-01-04T11:00+01:00,27907.84942,22248.73185,128.29
2025-01-04T12:00+01:00,28027.89289,21822.62865,130.03
2025-01-04T13:00+01:00,28402.33493,21397.82081,129.85
2025-01-04T14:00+01:00,28814.89753,19563.65437,136.4
2025-01-04T15:00+01:00,29220.20256,17423.93748,138.72
2025-01-04T16:00+01:00,29385.04646,17141.70911,142
2025-01-04T17:00+01:00,29717.89883,17778.2857,151.24
2025-01-04T18:00+01:00,29672.75633,18312.02884,143.85
2025-01-04T19:00+01:00,29314.88763,18820.86681,137.96
2025-01-04T20:00+01:00,28590.39458,18626.45901,129.49
2025-01-04T21:00+01:00,27467.27894,18681.76012,122.83
2025-01-04T22:00+01:00,25846.55847,18372.40216,118.29
2025-01-04T23:00+01:00,24599.56217,17785.69893,109.49
2025-01-05T00:00+01:00,23322.06227,16564.30779,113.84
2025-01-05T01:00+01:00,22005.0699,16297.94854,100.33
2025-01-05T02:00+01:00,21307.80741,15863.97195,93.61
2025-01-05T03:00+01:00,20317.4095,14914.21905,93.87
2025-01-05T04:00+01:00,19833.04489,15288.76192,89.38
2025-01-05T05:00+01:00,19689.09053,16908.96653,83.55
2025-01-05T06:00+01:00,19242.61788,18971.67564,83.92
2025-01-05T07:00+01:00,19213.14904,21973.98588,82.53
2025-01-05T08:00+01:00,19584.33893,25978.71385,84.05
2025-01-05T09:00+01:00,19735.92536,29392.77151,89.15
2025-01-05T10:00+01:00,19912.09646,33161.52544,82.95
2025-01-05T11:00+01:00,19071.46578,35834.36891,88.82
2025-01-05T12:00+01:00,18669.10538,37368.68872,81.66
2025-01-05T13:00+01:00,17397.17691,38191.15937,78.39
2025-01-05T14:00+01:00,16790.762,38782.33781,68
2025-01-05T15:00+01:00,15952.62141,39315.04501,50.64
2025-01-05T16:00+01:00,15856.53524,41436.03851,49.91
2025-01-05T17:00+01:00,15669.65329,43007.27224,66.3
2025-01-05T18:00+01:00,15280.628,43236.72095,65.05
2025-01-05T19:00+01:00,14023.32951,42982.98104,51.28
2025-01-05T20:00+01:00,12859.42189,42242.62921,36.85
2025-01-05T21:00+01:00,12773.64389,41596.58017,36.8
2025-01-05T22:00+01:00,13128.67878,40361.72238,34.68
2025-01-05T23:00+01:00,12220.11727,39881.14795,28.14
2025-01-06T00:00+01:00,10108.15766,41041.70841,27.52
2025-01-06T01:00+01:00,10137.00473,41641.01687,19.26
2025-01-06T02:00+01:00,10396.36006,42910.95455,11.35
2025-01-06T03:00+01:00,10430.04141,44611.80893,9.2
2025-01-06T04:00+01:00,10426.68576,45882.71479,10
2025-01-06T05:00+01:00,10320.24605,47393.68364,14.81
2025-01-06T06:00+01:00,10482.80087,48554.41735,23.82
2025-01-06T07:00+01:00,11231.28004,49933.16717,31.72
2025-01-06T08:00+01:00,11976.03396,50423.07376,41.37
2025-01-06T09:00+01:00,12253.78643,53434.55828,36.36
2025-01-06T10:00+01:00,11534.19087,57300.70957,34.69
2025-01-06T11:00+01:00,10930.96256,60726.20901,32.83
2025-01-06T12:00+01:00,10686.43921,62132.14162,31.28
2025-01-06T13:00+01:00,10539.66389,61946.01318,28.6
2025-01-06T14:00+01:00,10902.21079,59435.06324,25.61
2025-01-06T15:00+01:00,11273.33795,55672.16935,26.32
2025-01-06T16:00+01:00,11676.47646,54525.52018,26.87
2025-01-06T17:00+01:00,12740.01171,54573.12798,31.66
2025-01-06T18:00+01:00,14272.8695,52725.72043,31.58
2025-01-06T19:00+01:00,14872.45106,53015.44067,28.74
2025-01-06T20:00+01:00,15154.60217,52338.1308,26.59
2025-01-06T21:00+01:00,14883.87284,51204.10299,13.82
2025-01-06T22:00+01:00,14170.14116,48940.978,26.94
2025-01-06T23:00+01:00,13466.74675,48300.52167,12.99
2025-01-07T00:00+01:00,11903.89031,48844.0464,19.07
2025-01-07T01:00+01:00,11139.25199,48208.31734,8.71
2025-01-07T02:00+01:00,11130.09414,48090.1601,8.9
2025-01-07T03:00+01:00,11190.60043,48052.31377,5.01
2025-01-07T04:00+01:00,11281.87261,47857.27617,5.13
2025-01-07T05:00+01:00,12447.31937,47125.59451,5.8
2025-01-07T06:00+01:00,14444.47691,47970.89775,48.86
2025-01-07T07:00+01:00,17631.65755,47619.88568,76.83
2025-01-07T08:00+01:00,18722.58079,48407.78702,85.08
2025-01-07T09:00+01:00,19137.71425,49787.40747,84.24
2025-01-07T10:00+01:00,18577.86079,52701.23233,75.25
2025-01-07T11:00+01:00,17655.28886,55450.02328,62.8
2025-01-07T12:00+01:00,17253.71548,56211.52563,62.44
2025-01-07T13:00+01:00,16920.49298,55154.25425,63.9
2025-01-07T14:00+01:00,17027.61723,51678.772,72.56
2025-01-07T15:00+01:00,17776.36753,47152.51702,78.11
2025-01-07T16:00+01:00,18632.33368,45218.43422,79.98
2025-01-07T17:00+01:00,20221.67719,46676.8355,96.03
2025-01-07T18:00+01:00,21015.70334,47168.71655,101.11
2025-01-07T19:00+01:00,21188.36945,46285.4179,86.21
2025-01-07T20:00+01:00,21069.10288,46820.60857,78.01
2025-01-07T21:00+01:00,20611.08096,46835.87633,72.45
2025-01-07T22:00+01:00,19702.7046,45477.57304,72.45
2025-01-07T23:00+01:00,19368.60518,44282.90694,50.04
2025-01-08T00:00+01:00,18023.32591,43837.4913,71.05
2025-01-08T01:00+01:00,18108.1213,42747.09614,68.01
2025-01-08T02:00+01:00,18728.03519,40970.05511,63.34
2025-01-08T03:00+01:00,18893.72337,40448.62238,57.01
2025-01-08T04:00+01:00,19895.0809,40138.2256,66.29
2025-01-08T05:00+01:00,22475.57249,40170.98517,72.07
2025-01-08T06:00+01:00,25460.09359,41204.88332,82.7
2025-01-08T07:00+01:00,28212.15992,41794.41513,100.73
2025-01-08T08:00+01:00,30297.46647,41608.39034,128.22
2025-01-08T09:00+01:00,31292.50499,40850.78283,108.18
2025-01-08T10:00+01:00,31728.29501,41625.57684,94.65
2025-01-08T11:00+01:00,31655.1973,41911.72052,100.01
2025-01-08T12:00+01:00,31887.6557,40628.78936,89.99
2025-01-08T13:00+01:00,32168.17947,38136.07801,97.2
2025-01-08T14:00+01:00,32274.14333,34486.19606,110.19
2025-01-08T15:00+01:00,31591.44544,31184.56569,127.8
2025-01-08T16:00+01:00,31790.66318,30993.96,135.82
2025-01-08T17:00+01:00,31944.94025,31062.04536,155.46
2025-01-08T18:00+01:00,31922.42378,30187.25081,149.23
2025-01-08T19:00+01:00,31279.81093,29189.55489,146.48
2025-01-08T20:00+01:00,30853.20145,26994.12606,136.86
2025-01-08T21:00+01:00,29242.55497,24966.40402,127.86
2025-01-08T22:00+01:00,27364.09939,23504.0956,115.92
2025-01-08T23:00+01:00,25819.10493,22809.00269,103.59
2025-01-09T00:00+01:00,25207.95818,22150.27728,101.44
2025-01-09T01:00+01:00,24891.69759,21529.61872,100
2025-01-09T02:00+01:00,25024.3531,20501.81631,98.77
2025-01-09T03:00+01:00,25532.40252,20439.37473,95.22
2025-01-09T04:00+01:00,26247.21172,20890.25178,98.28
2025-01-09T05:00+01:00,28161.33452,20583.86887,102.65
2025-01-09T06:00+01:00,32404.48754,20213.35932,133.54
2025-01-09T07:00+01:00,34127.92047,19614.09202,148.8
2025-01-09T08:00+01:00,35124.92017,19747.49039,164.88
2025-01-09T09:00+01:00,35614.0705,22223.89443,156.15
2025-01-09T10:00+01:00,35123.65377,24627.93801,147.64
2025-01-09T11:00+01:00,34878.84448,26258.07566,140.21
2025-01-09T12:00+01:00,34166.75051,25605.96785,128.18
2025-01-09T13:00+01:00,34142.56029,25329.65551,121.15
2025-01-09T14:00+01:00,33952.8354,24618.28039,123.95
2025-01-09T15:00+01:00,33578.74987,25482.67533,127.53
2025-01-09T16:00+01:00,33243.45911,28415.06253,123.75
2025-01-09T17:00+01:00,33414.09303,30737.863,130.91
2025-01-09T18:00+01:00,33726.69545,32837.90374,134.75
2025-01-09T19:00+01:00,33090.3006,34362.62364,125.44
2025-01-09T20:00+01:00,30394.76157,35193.14882,119.23
2025-01-09T21:00+01:00,27693.91899,35705.24592,104.99
2025-01-09T22:00+01:00,26822.83595,35880.01225,101.1
2025-01-09T23:00+01:00,25279.25869,36635.64717,88.19
2025-01-10T00:00+01:00,22530.7596,37954.93972,84.79
2025-01-10T01:00+01:00,20987.70766,39014.33179,80.23
2025-01-10T02:00+01:00,19831.73064,39460.13144,71.29
2025-01-10T03:00+01:00,19103.01652,38987.68516,69.05
2025-01-10T04:00+01:00,20766.3046,38093.65593,69.89
2025-01-10T05:00+01:00,22867.86074,37208.88952,83.9
2025-01-10T06:00+01:00,26798.73497,37582.41004,99.09
2025-01-10T07:00+01:00,29565.9185,36288.93692,123.92
2025-01-10T08:00+01:00,30327.48103,35823.23714,139.47
2025-01-10T09:00+01:00,30485.59092,36645.01027,136.92
2025-01-10T10:00+01:00,30159.64867,38763.71356,123.57
2025-01-10T11:00+01:00,29942.57746,39529.94537,113.59
2025-01-10T12:00+01:00,29437.01029,39847.2895,107.43
2025-01-10T13:00+01:00,28522.60578,39224.77892,105.01
2025-01-10T14:00+01:00,28979.00343,36307.04989,110.01
2025-01-10T15:00+01:00,30129.88799,31926.05196,128.69
2025-01-10T16:00+01:00,30874.14831,29321.28433,134.87
2025-01-10T17:00+01:00,30997.09332,29064.2245,142.56
2025-01-10T18:00+01:00,30985.74365,29399.63056,144.12
2025-01-10T19:00+01:00,30565.39014,28372.29162,141.05
2025-01-10T20:00+01:00,30269.76188,27571.30334,134.82
2025-01-10T21:00+01:00,29925.77265,27127.27072,122.51
2025-01-10T22:00+01:00,28602.33954,25961.78336,119.77
2025-01-10T23:00+01:00,26918.01022,25243.26218,111.71
2025-01-11T00:00+01:00,24998.17251,24324.76549,106.64
2025-01-11T01:00+01:00,24724.41765,24837.37817,98.99
2025-01-11T02:00+01:00,23865.59722,25636.01936,95.71
2025-01-11T03:00+01:00,23180.90022,26146.80329,89.45
2025-01-11T04:00+01:00,23040.65188,26728.91329,88.35
2025-01-11T05:00+01:00,23905.45759,26723.04174,88.4
2025-01-11T06:00+01:00,24697.50554,27874.56607,88.13
2025-01-11T07:00+01:00,25316.85817,28881.89036,94.68
2025-01-11T08:00+01:00,25651.5167,30449.11269,107.65
2025-01-11T09:00+01:00,26659.82398,32863.75184,103.14
2025-01-11T10:00+01:00,27135.83365,36362.01125,101.13
2025-01-11T11:00+01:00,26899.61118,39303.32969,99.56
2025-01-11T12:00+01:00,26700.0199,39540.33323,96.74
2025-01-11T13:00+01:00,27362.66363,39017.50914,93.15
2025-01-11T14:00+01:00,27985.35474,38150.72991,94.9
2025-01-11T15:00+01:00,28301.69002,36870.93521,104.89
2025-01-11T16:00+01:00,28351.42324,36542.68734,112.12
2025-01-11T17:00+01:00,27743.00615,37211.39886,119.8
2025-01-11T18:00+01:00,27777.08913,36909.71482,122.34
2025-01-11T19:00+01:00,26575.90018,36249.79445,114.85
2025-01-11T20:00+01:00,26013.45713,34766.81238,111.19
2025-01-11T21:00+01:00,26056.67637,33165.55856,104.8
2025-01-11T22:00+01:00,25814.93562,30519.3211,103.07
2025-01-11T23:00+01:00,25584.48378,28236.01946,105.69
2025-01-12T00:00+01:00,23832.95724,28126.97115,83.58
2025-01-12T01:00+01:00,23500.68122,26891.47314,83.79
2025-01-12T02:00+01:00,22822.99928,26154.31554,86.75
2025-01-12T03:00+01:00,22399.44113,26433.91706,84.2
2025-01-12T04:00+01:00,21604.88148,26628.10864,85
2025-01-12T05:00+01:00,21871.136,26177.10089,83.75
2025-01-12T06:00+01:00,23322.78879,24554.59993,85.9
2025-01-12T07:00+01:00,24836.34158,22481.49537,101.75
2025-01-12T08:00+01:00,25435.37878,21258.24272,114.67
2025-01-12T09:00+01:00,26286.13533,22566.62742,120.07
2025-01-12T10:00+01:00,26646.81198,25397.24955,117.77
2025-01-12T11:00+01:00,26754.59824,27957.69357,105.61
2025-01-12T12:00+01:00,26155.47405,29161.39808,102.99
2025-01-12T13:00+01:00,24863.5948,29100.44955,99.61
2025-01-12T14:00+01:00,25123.31743,25938.37834,104.74
2025-01-12T15:00+01:00,27431.54744,19641.78917,118.7
2025-01-12T16:00+01:00,29810.55239,14643.52587,132.92
2025-01-12T17:00+01:00,30861.51505,13980.10967,141
2025-01-12T18:00+01:00,31141.62809,13566.87231,146.66
2025-01-12T19:00+01:00,31258.74252,13346.99053,143.66
2025-01-12T20:00+01:00,31440.57288,12513.24333,134.86
2025-01-12T21:00+01:00,31164.04048,11351.12929,127.49
2025-01-12T22:00+01:00,29872.9975,10377.60391,121.2
2025-01-12T23:00+01:00,28594.73103,9459.576973,114.9
2025-01-13T00:00+01:00,27304.0039,9187.817948,112.39
2025-01-13T01:00+01:00,26767.07598,9215.426639,105.07
2025-01-13T02:00+01:00,26713.06623,9543.46409,104.46
2025-01-13T03:00+01:00,26680.58277,10382.06585,100.37
2025-01-13T04:00+01:00,26906.14036,11934.00222,100
2025-01-13T05:00+01:00,28668.11025,12835.41945,110.11
2025-01-13T06:00+01:00,33087.14302,12949.64024,140.28
2025-01-13T07:00+01:00,35537.56438,13556.80026,181.92
2025-01-13T08:00+01:00,36636.16497,15421.8205,223.09
2025-01-13T09:00+01:00,35912.49625,21224.31405,174.09
2025-01-13T10:00+01:00,34565.23629,28452.57919,141.69
2025-01-13T11:00+01:00,33318.32127,33928.82395,115.73
2025-01-13T12:00+01:00,32202.73482,36259.27599,104.1
2025-01-13T13:00+01:00,31699.39354,36946.65315,103.04
2025-01-13T14:00+01:00,32324.04597,33990.71056,104.67
2025-01-13T15:00+01:00,35460.88398,27180.99551,138.2
2025-01-13T16:00+01:00,36561.99604,22929.07904,142.62
2025-01-13T17:00+01:00,37622.83796,23275.76666,149
2025-01-13T18:00+01:00,37726.96571,25216.25589,149
2025-01-13T19:00+01:00,36586.00964,26658.27584,139.73
2025-01-13T20:00+01:00,35315.05753,26665.86374,123.18
2025-01-13T21:00+01:00,33743.78973,27865.18826,120.22
2025-01-13T22:00+01:00,32130.79716,29181.66862,115.57
2025-01-13T23:00+01:00,29933.74202,30637.691,102.31
2025-01-14T00:00+01:00,28508.25894,30547.31991,106.38
2025-01-14T01:00+01:00,27479.59399,30925.12953,103.7
2025-01-14T02:00+01:00,27269.73375,30790.16419,99.08
2025-01-14T03:00+01:00,27418.1219,30846.33866,97.99
2025-01-14T04:00+01:00,28384.45257,30183.26546,101.88
2025-01-14T05:00+01:00,29729.20354,29795.36226,107.64
2025-01-14T06:00+01:00,33175.44026,30340.87844,123.4
2025-01-14T07:00+01:00,36061.30132,30134.06892,156.62
2025-01-14T08:00+01:00,36522.02034,32286.0443,184.03
2025-01-14T09:00+01:00,35941.39421,36974.31223,151.86
2025-01-14T10:00+01:00,34773.28854,41614.56438,117.62
2025-01-14T11:00+01:00,34077.35782,43612.93108,109.31
2025-01-14T12:00+01:00,32838.33534,44946.5712,103.11
2025-01-14T13:00+01:00,32327.72183,44196.90056,108.11
2025-01-14T14:00+01:00,33021.7254,41338.35571,115.35
2025-01-14T15:00+01:00,35279.91299,37005.27629,125.35
2025-01-14T16:00+01:00,36437.90477,32722.13859,141.97
2025-01-14T17:00+01:00,37280.26605,32428.92292,165.86
2025-01-14T18:00+01:00,37386.93044,32189.14313,170.07
2025-01-14T19:00+01:00,37143.64298,31571.91954,158.38
2025-01-14T20:00+01:00,36130.4652,29981.31721,135.46
2025-01-14T21:00+01:00,35400.89523,28813.11377,117.69
2025-01-14T22:00+01:00,34936.67271,27899.26137,121
2025-01-14T23:00+01:00,33832.96737,26923.52946,121.76
2025-01-15T00:00+01:00,32980.29101,26962.78435,108.28
2025-01-15T01:00+01:00,32376.91777,26618.13829,107.72
2025-01-15T02:00+01:00,32264.4829,25297.66845,108.41
2025-01-15T03:00+01:00,32584.47792,23655.34926,108.04
2025-01-15T04:00+01:00,33031.27257,22144.25067,108.75
2025-01-15T05:00+01:00,33919.39017,20784.80244,114.92
2025-01-15T06:00+01:00,36516.38022,18028.80522,134.49
2025-01-15T07:00+01:00,39069.52282,15824.91109,191.79
2025-01-15T08:00+01:00,40552.72871,14627.42782,307.24
2025-01-15T09:00+01:00,40794.04657,14708.63014,315.02
2025-01-15T10:00+01:00,40820.2018,15295.02153,311.03
2025-01-15T11:00+01:00,40740.57642,15618.18959,304.8
2025-01-15T12:00+01:00,40409.49367,15423.2092,311.02
2025-01-15T13:00+01:00,40141.78918,14587.86258,309.34
2025-01-15T14:00+01:00,40386.07116,12919.88811,285.83
2025-01-15T15:00+01:00,40961.44834,11123.74811,301.74
2025-01-15T16:00+01:00,41221.40142,10008.17362,333.52
2025-01-15T17:00+01:00,41290.86823,9896.575039,377.99
2025-01-15T18:00+01:00,40584.42043,9808.410732,324.74
2025-01-15T19:00+01:00,39791.53939,9591.711737,270.09
2025-01-15T20:00+01:00,37848.65021,9592.372114,181.66
2025-01-15T21:00+01:00,36408.10821,9584.282571,150.87
2025-01-15T22:00+01:00,35607.68962,10002.81179,141.16
2025-01-15T23:00+01:00,33883.42447,10433.2768,123.9
2025-01-16T00:00+01:00,32755.36938,10680.89041,126.33
2025-01-16T01:00+01:00,32174.10097,11118.66822,119.12
2025-01-16T02:00+01:00,32662.55721,11533.29866,117.62
2025-01-16T03:00+01:00,32807.82338,12021.63542,115.03
2025-01-16T04:00+01:00,32910.51942,12826.57486,115.75
2025-01-16T05:00+01:00,33735.28658,13345.21932,123.27
2025-01-16T06:00+01:00,34868.11516,14402.72234,138.7
2025-01-16T07:00+01:00,35702.7146,15736.35386,173.04
2025-01-16T08:00+01:00,36420.35566,17600.13454,199.65
2025-01-16T09:00+01:00,36215.76114,20491.41911,175
2025-01-16T10:00+01:00,35611.97937,23868.09034,151.9
2025-01-16T11:00+01:00,35246.36115,26622.6902,140.64
2025-01-16T12:00+01:00,34757.8747,27628.29254,131.13
2025-01-16T13:00+01:00,34598.31139,26432.32428,130.58
2025-01-16T14:00+01:00,34924.89111,23481.50996,138.42
2025-01-16T15:00+01:00,35492.12612,19398.15549,163.04
2025-01-16T16:00+01:00,36083.17849,16625.72195,179.2
2025-01-16T17:00+01:00,36544.73783,16702.87501,191.56
2025-01-16T18:00+01:00,36386.79009,17387.92365,184.32
2025-01-16T19:00+01:00,35306.45338,17556.6214,179.97
2025-01-16T20:00+01:00,34429.88118,17763.19483,159.6
2025-01-16T21:00+01:00,34000.81873,17405.536,141.6
2025-01-16T22:00+01:00,33365.1294,16947.05248,135.29
2025-01-16T23:00+01:00,32115.43927,16526.31862,123.75
2025-01-17T00:00+01:00,30903.42619,16461.90528,118.87
2025-01-17T01:00+01:00,29875.96394,16164.86115,118.39
2025-01-17T02:00+01:00,29741.22313,15636.11785,115.71
2025-01-17T03:00+01:00,29574.33215,15143.18003,114.72
2025-01-17T04:00+01:00,29694.83072,14052.23242,115.48
2025-01-17T05:00+01:00,31604.08574,13307.64251,122.16
2025-01-17T06:00+01:00,34521.36217,13081.44815,140.8
2025-01-17T07:00+01:00,36315.61425,13149.35867,175.01
2025-01-17T08:00+01:00,37038.93014,13571.79289,208.13
2025-01-17T09:00+01:00,36984.74767,15131.64312,175.34
2025-01-17T10:00+01:00,36469.04853,17605.74912,158
2025-01-17T11:00+01:00,36337.20741,19946.92689,140.73
2025-01-17T12:00+01:00,35783.0081,20862.08411,126.44
2025-01-17T13:00+01:00,35891.53707,20360.49989,124.03
2025-01-17T14:00+01:00,35922.63292,18481.72997,132.99
2025-01-17T15:00+01:00,36346.93053,15619.89212,151.98
2025-01-17T16:00+01:00,36943.03843,14030.32565,170.21
2025-01-17T17:00+01:00,37469.15624,13654.61178,178.79
2025-01-17T18:00+01:00,37769.17694,13050.92368,179.92
2025-01-17T19:00+01:00,37228.10127,12154.1444,174.22
2025-01-17T20:00+01:00,36915.15233,11613.71709,157.91
2025-01-17T21:00+01:00,35061.50144,11608.15827,145
2025-01-17T22:00+01:00,34027.27887,12243.24933,139.97
2025-01-17T23:00+01:00,33675.59246,12569.96724,126.84
2025-01-18T00:00+01:00,31867.91964,12040.05834,125.29
2025-01-18T01:00+01:00,30533.44295,12148.6862,121.05
2025-01-18T02:00+01:00,30016.43276,11915.3786,120.98
2025-01-18T03:00+01:00,29909.6215,11363.41517,118.85
2025-01-18T04:00+01:00,29797.64911,10679.23547,116.46
2025-01-18T05:00+01:00,29882.66835,10444.14642,119.77
2025-01-18T06:00+01:00,30208.93812,10233.48721,119.75
2025-01-18T07:00+01:00,31403.57751,10506.60755,133.39
2025-01-18T08:00+01:00,32699.10854,10750.14855,145.63
2025-01-18T09:00+01:00,32971.7654,13446.94908,144.1
2025-01-18T10:00+01:00,32483.0174,17588.22427,131.21
2025-01-18T11:00+01:00,32430.99369,21704.18305,121.56
2025-01-18T12:00+01:00,32508.45578,23651.25152,118.87
2025-01-18T13:00+01:00,31655.78563,23174.70111,115.01
2025-01-18T14:00+01:00,31990.62824,19953.74298,119.32
2025-01-18T15:00+01:00,32378.40435,14249.74361,133.32
2025-01-18T16:00+01:00,33015.26162,10024.95983,149.71
2025-01-18T17:00+01:00,33270.97555,10117.20743,164.59
2025-01-18T18:00+01:00,33361.69302,10921.1295,167.57
2025-01-18T19:00+01:00,33372.74166,11549.91453,167.85
2025-01-18T20:00+01:00,32937.29224,11472.53807,156.12
2025-01-18T21:00+01:00,32802.78646,11490.26206,143.42
2025-01-18T22:00+01:00,32699.83699,11229.98744,136.4
2025-01-18T23:00+01:00,32563.14329,11270.85785,129.36
2025-01-19T00:00+01:00,29063.20436,11334.66568,129.73
2025-01-19T01:00+01:00,28403.73672,11308.60717,124.2
2025-01-19T02:00+01:00,27802.22068,11361.76514,123.05
2025-01-19T03:00+01:00,27403.85763,11059.08603,121.24
2025-01-19T04:00+01:00,27460.43125,10884.77163,120.18
2025-01-19T05:00+01:00,27221.20039,10930.96318,120
2025-01-19T06:00+01:00,27277.52589,11070.40566,121.57
2025-01-19T07:00+01:00,27931.97638,11496.01642,123.33
2025-01-19T08:00+01:00,27960.04048,13113.4973,123.6
2025-01-19T09:00+01:00,27882.89287,19528.23703,125.16
2025-01-19T10:00+01:00,26704.353,27293.7572,125.19
2025-01-19T11:00+01:00,26439.07139,32191.70484,121.56
2025-01-19T12:00+01:00,26350.1029,33131.87461,112.25
2025-01-19T13:00+01:00,26646.83976,30479.51561,107.51
2025-01-19T14:00+01:00,27758.47824,24936.6955,116.81
2025-01-19T15:00+01:00,30134.72342,17880.70346,126.29
2025-01-19T16:00+01:00,31999.38769,13584.60501,140.15
2025-01-19T17:00+01:00,33165.65357,14545.09419,149.67
2025-01-19T18:00+01:00,33523.02415,15493.9387,159.04
2025-01-19T19:00+01:00,33934.86312,15558.63125,156.6
2025-01-19T20:00+01:00,34058.59655,15193.4466,149.06
2025-01-19T21:00+01:00,33509.22213,14701.00059,139.26
2025-01-19T22:00+01:00,33314.52562,14323.51101,130.99
2025-01-19T23:00+01:00,32425.20822,14298.12849,122.94
2025-01-20T00:00+01:00,30425.70316,13826.07295,122.27
2025-01-20T01:00+01:00,30210.71527,13409.25413,119.44
2025-01-20T02:00+01:00,30152.99705,12872.79667,116.56
2025-01-20T03:00+01:00,29981.60167,12536.97274,114.41
2025-01-20T04:00+01:00,30358.67615,12317.20643,115.45
2025-01-20T05:00+01:00,31673.13978,12251.32193,127.54
2025-01-20T06:00+01:00,35275.61533,12521.65918,161.71
2025-01-20T07:00+01:00,36923.80676,12455.96103,276.48
2025-01-20T08:00+01:00,37553.2623,13618.49883,431.99
2025-01-20T09:00+01:00,37265.77505,17546.02095,291.7
2025-01-20T10:00+01:00,36436.18712,22024.8538,236.29
2025-01-20T11:00+01:00,36205.29127,24894.50059,187.48
2025-01-20T12:00+01:00,36198.59026,25082.80633,176
2025-01-20T13:00+01:00,36389.67857,22504.79542,171.39
2025-01-20T14:00+01:00,36695.39455,18324.53403,191.85
2025-01-20T15:00+01:00,37070.6336,14086.81725,277.17
2025-01-20T16:00+01:00,37874.11885,11443.10268,402.12
2025-01-20T17:00+01:00,38358.02309,11885.23516,583.4
2025-01-20T18:00+01:00,38310.76745,11805.7495,473.28
2025-01-20T19:00+01:00,37952.67036,12351.33032,295.57
2025-01-20T20:00+01:00,37053.33517,13541.69589,220
2025-01-20T21:00+01:00,35727.02846,14091.93646,170
2025-01-20T22:00+01:00,34828.85595,14460.23364,152.51
2025-01-20T23:00+01:00,34877.27379,14786.19261,137.98
2025-01-21T00:00+01:00,35457.57137,14334.10348,127.52
2025-01-21T01:00+01:00,35172.17235,14528.69111,121.65
2025-01-21T02:00+01:00,35064.53598,14334.83295,116.67
2025-01-21T03:00+01:00,34835.74969,14209.12191,113.86
2025-01-21T04:00+01:00,35101.42533,14107.20602,113.54
2025-01-21T05:00+01:00,35514.22648,14302.48097,122.34
2025-01-21T06:00+01:00,36847.12057,14535.36243,142.2
2025-01-21T07:00+01:00,38413.34919,15093.15849,190.06
2025-01-21T08:00+01:00,38908.53298,15943.92667,248.32
2025-01-21T09:00+01:00,38708.28616,19550.59526,211.68
2025-01-21T10:00+01:00,37993.03395,23839.68766,198.05
2025-01-21T11:00+01:00,37272.04708,27426.47044,161.5
2025-01-21T12:00+01:00,37584.97303,28533.52346,147.44
2025-01-21T13:00+01:00,37444.8077,27322.05703,142.83
2025-01-21T14:00+01:00,37626.46531,23583.51932,150.05
2025-01-21T15:00+01:00,38624.01112,17970.84274,173.43
2025-01-21T16:00+01:00,39575.1337,13520.04731,212.13
2025-01-21T17:00+01:00,40077.71124,13374.12806,301.15
2025-01-21T18:00+01:00,40442.59562,13572.85478,251.93
2025-01-21T19:00+01:00,39954.51445,14074.68296,202.68
2025-01-21T20:00+01:00,39120.59114,14774.28952,174.84
2025-01-21T21:00+01:00,36923.50591,14742.17353,155.19
2025-01-21T22:00+01:00,36242.65163,14226.36038,138.6
2025-01-21T23:00+01:00,35650.70862,13769.80478,125.29
2025-01-22T00:00+01:00,35309.62205,13507.59626,128
2025-01-22T01:00+01:00,35018.83743,12953.27935,125.06
2025-01-22T02:00+01:00,35016.71885,12822.35814,122.22
2025-01-22T03:00+01:00,35083.68667,12997.67828,121.66
2025-01-22T04:00+01:00,35186.22267,13448.37577,123.16
2025-01-22T05:00+01:00,35773.59234,14107.12552,128.32
2025-01-22T06:00+01:00,37061.49113,15230.47313,156.92
2025-01-22T07:00+01:00,37585.58026,16225.20045,208.25
2025-01-22T08:00+01:00,38231.87612,18454.63833,238.6
2025-01-22T09:00+01:00,37456.47518,23683.44246,199.41
2025-01-22T10:00+01:00,36809.55318,28492.52854,179.06
2025-01-22T11:00+01:00,36563.87225,31413.72064,172.94
2025-01-22T12:00+01:00,35992.46539,31393.09308,165
2025-01-22T13:00+01:00,36416.59783,29423.01271,170
2025-01-22T14:00+01:00,36590.69044,26639.27113,179.92
2025-01-22T15:00+01:00,37060.35709,24644.18026,195.67
2025-01-22T16:00+01:00,37359.62591,24270.58248,199.04
2025-01-22T17:00+01:00,37420.07608,26217.87859,208.99
2025-01-22T18:00+01:00,37072.72251,27815.28432,180.43
2025-01-22T19:00+01:00,36448.09112,27870.29222,167.08
2025-01-22T20:00+01:00,34966.40306,27900.69752,134.49
2025-01-22T21:00+01:00,32249.72728,28029.83456,127.78
2025-01-22T22:00+01:00,29271.13197,27473.49125,128.09
2025-01-22T23:00+01:00,28021.64761,27379.67957,114.68
2025-01-23T00:00+01:00,26823.27293,27186.86688,113.7
2025-01-23T01:00+01:00,25704.59014,27493.08521,108.88
2025-01-23T02:00+01:00,25298.64535,28493.48035,105.58
2025-01-23T03:00+01:00,24744.10263,29067.52197,100.01
2025-01-23T04:00+01:00,25155.95483,29399.90951,97.59
2025-01-23T05:00+01:00,25519.32434,31472.42515,100.01
2025-01-23T06:00+01:00,26970.55951,33915.84473,106.41
2025-01-23T07:00+01:00,28226.85818,36716.41812,136.6
2025-01-23T08:00+01:00,29302.97371,38958.4745,159.03
2025-01-23T09:00+01:00,29311.88409,41460.21627,155.42
2025-01-23T10:00+01:00,29423.65718,43971.65766,130.94
2025-01-23T11:00+01:00,28723.08102,45620.03644,116.1
2025-01-23T12:00+01:00,26958.05064,48169.01141,94.93
2025-01-23T13:00+01:00,26097.22156,48964.02462,88.56
2025-01-23T14:00+01:00,25858.81399,47174.30506,85.86
2025-01-23T15:00+01:00,26474.86246,42938.76667,89.8
2025-01-23T16:00+01:00,27549.85228,39480.06083,89.87
2025-01-23T17:00+01:00,28805.58755,39030.59368,106.75
2025-01-23T18:00+01:00,29811.70419,39272.24697,112
2025-01-23T19:00+01:00,29139.51147,39631.65791,101.87
2025-01-23T20:00+01:00,26424.15537,40224.15015,86.36
2025-01-23T21:00+01:00,22851.72763,40553.09804,74.28
2025-01-23T22:00+01:00,21717.48652,39876.05734,75.68
2025-01-23T23:00+01:00,19643.97774,39545.68552,58.23
2025-01-24T00:00+01:00,17412.12235,39169.2873,69.03
2025-01-24T01:00+01:00,15884.97626,39687.04861,58.16
2025-01-24T02:00+01:00,15330.49298,40164.94171,45.05
2025-01-24T03:00+01:00,15387.67685,39473.09018,40.6
2025-01-24T04:00+01:00,15605.37299,38599.00679,50.17
2025-01-24T05:00+01:00,16168.34371,38163.77523,73.2
2025-01-24T06:00+01:00,18504.33512,39681.14801,85.44
2025-01-24T07:00+01:00,20537.34119,40404.93941,109.16
2025-01-24T08:00+01:00,21232.94139,42937.28849,116.23
2025-01-24T09:00+01:00,20704.75284,47260.95093,96.34
2025-01-24T10:00+01:00,20034.68217,52290.9687,88.9
2025-01-24T11:00+01:00,19642.37667,55728.02147,78.44
2025-01-24T12:00+01:00,19089.02344,56981.34726,76.48
2025-01-24T13:00+01:00,18821.26387,56568.93841,74.69
2025-01-24T14:00+01:00,18356.16521,56088.45157,74.51
2025-01-24T15:00+01:00,19123.30628,52934.65408,74.51
2025-01-24T16:00+01:00,19464.40182,50912.67284,75.25
2025-01-24T17:00+01:00,20713.54103,50376.82044,83.02
2025-01-24T18:00+01:00,21589.10284,49597.28086,88.59
2025-01-24T19:00+01:00,21325.3775,48300.81492,91.78
2025-01-24T20:00+01:00,20519.85896,45935.44912,84.99
2025-01-24T21:00+01:00,19147.71809,43283.94449,80.79
2025-01-24T22:00+01:00,18405.09075,41304.243,91.97
2025-01-24T23:00+01:00,17432.4602,39496.16582,86.29
2025-01-25T00:00+01:00,14887.99752,37475.19711,59.04
2025-01-25T01:00+01:00,13628.33621,36058.19551,64.96
2025-01-25T02:00+01:00,13078.79317,34502.64174,63.55
2025-01-25T03:00+01:00,12933.1154,32935.28722,67.17
2025-01-25T04:00+01:00,13548.12278,32671.6221,76.77
2025-01-25T05:00+01:00,13803.8361,33294.1833,76.89
2025-01-25T06:00+01:00,13725.46014,34730.57862,79.32
2025-01-25T07:00+01:00,13907.98788,36012.92481,76.89
2025-01-25T08:00+01:00,14655.4206,38569.2743,88.99
2025-01-25T09:00+01:00,15290.96062,40885.13438,87.31
2025-01-25T10:00+01:00,16050.52877,44575.72624,86.32
2025-01-25T11:00+01:00,16437.0751,47667.43802,88.15
2025-01-25T12:00+01:00,16410.11586,48820.84975,82.55
2025-01-25T13:00+01:00,16663.64151,46352.86403,81.98
2025-01-25T14:00+01:00,17589.34846,42028.72473,89
2025-01-25T15:00+01:00,19814.87632,33087.10322,111.07
2025-01-25T16:00+01:00,22759.52954,25883.88192,132.97
2025-01-25T17:00+01:00,24783.95436,22457.37942,145.85
2025-01-25T18:00+01:00,25700.81271,19510.04361,151
2025-01-25T19:00+01:00,26073.54857,17056.89291,147.53
2025-01-25T20:00+01:00,26187.55478,15852.72509,137.6
2025-01-25T21:00+01:00,25961.1995,15772.20689,134.61
2025-01-25T22:00+01:00,25117.77834,14986.08752,132.26
2025-01-25T23:00+01:00,23900.87935,14569.69999,122.03
2025-01-26T00:00+01:00,22843.83001,14323.75783,126.21
2025-01-26T01:00+01:00,21931.21369,15423.52409,115.79
2025-01-26T02:00+01:00,20782.68944,16896.90054,111.3
2025-01-26T03:00+01:00,20229.07148,17604.8592,106.85
2025-01-26T04:00+01:00,20513.77512,18370.66443,105.43
2025-01-26T05:00+01:00,20810.73561,19560.10787,107.86
2025-01-26T06:00+01:00,20327.40573,21383.00796,110.6
2025-01-26T07:00+01:00,19889.65951,22946.00801,117.62
2025-01-26T08:00+01:00,20411.15256,23041.23535,124.17
2025-01-26T09:00+01:00,20751.4362,24224.11618,121.97
2025-01-26T10:00+01:00,20134.65463,27870.02426,105.51
2025-01-26T11:00+01:00,18918.9419,31869.33817,102.57
2025-01-26T12:00+01:00,18149.04184,33464.96352,96.73
2025-01-26T13:00+01:00,17555.79315,33643.43721,90.02
2025-01-26T14:00+01:00,17935.88853,30990.50408,92.52
2025-01-26T15:00+01:00,19343.49037,25838.73281,111.63
2025-01-26T16:00+01:00,21268.69631,21438.88565,125.92
2025-01-26T17:00+01:00,21915.77771,21741.06645,132.77
2025-01-26T18:00+01:00,22064.03082,25653.16551,118.94
2025-01-26T19:00+01:00,21407.17757,29349.84027,90.32
2025-01-26T20:00+01:00,19761.8513,32202.08928,78.93
2025-01-26T21:00+01:00,15558.46176,35046.14102,68.26
2025-01-26T22:00+01:00,13978.47922,36190.72852,49.25
2025-01-26T23:00+01:00,13422.22768,37834.59138,23.89
2025-01-27T00:00+01:00,12856.57053,39340.88811,40.14
2025-01-27T01:00+01:00,12554.97721,40194.90468,35.26
2025-01-27T02:00+01:00,12241.09297,41264.48892,26.38
2025-01-27T03:00+01:00,12069.59422,42791.37343,14.07
2025-01-27T04:00+01:00,12342.86933,44986.78986,10.1
2025-01-27T05:00+01:00,13061.54681,47647.30301,21.52
2025-01-27T06:00+01:00,13448.08041,52137.49613,34.1
2025-01-27T07:00+01:00,15272.42051,52468.64374,56.99
2025-01-27T08:00+01:00,16513.40517,52539.51139,71.76
2025-01-27T09:00+01:00,16822.94036,52125.07899,62.96
2025-01-27T10:00+01:00,17343.09559,54455.16484,45.57
2025-01-27T11:00+01:00,16569.58977,55868.11337,40.11
2025-01-27T12:00+01:00,16347.5009,54461.39315,35.66
2025-01-27T13:00+01:00,16436.36446,53162.37263,38.37
2025-01-27T14:00+01:00,16477.87145,48411.18757,53.95
2025-01-27T15:00+01:00,17693.10296,44719.70373,86.79
2025-01-27T16:00+01:00,19349.12112,40624.94912,102.46
2025-01-27T17:00+01:00,20438.21144,40014.42156,118.56
2025-01-27T18:00+01:00,20636.76377,40623.27543,118.67
2025-01-27T19:00+01:00,20028.73131,41760.55587,100.05
2025-01-27T20:00+01:00,19342.02746,42000.02149,94.07
2025-01-27T21:00+01:00,17091.6202,41703.86884,85.08
2025-01-27T22:00+01:00,15962.73085,41589.13674,82.26
2025-01-27T23:00+01:00,14913.99535,40299.18493,69.28
2025-01-28T00:00+01:00,14526.92305,38433.78514,76.92
2025-01-28T01:00+01:00,14587.6948,37773.92194,71.53
2025-01-28T02:00+01:00,14657.97216,36038.14953,57.33
2025-01-28T03:00+01:00,14639.65042,34613.305,69.28
2025-01-28T04:00+01:00,15658.4465,33840.00666,76.92
2025-01-28T05:00+01:00,17725.84743,34092.46112,77.59
2025-01-28T06:00+01:00,21358.42332,36002.67893,98.22
2025-01-28T07:00+01:00,23365.81562,35355.8445,125.45
2025-01-28T08:00+01:00,24210.06766,34282.28014,147.5
2025-01-28T09:00+01:00,24004.02776,33441.34905,135.3
2025-01-28T10:00+01:00,23504.09389,34113.07296,120.53
2025-01-28T11:00+01:00,23917.66719,34367.56744,116.34
2025-01-28T12:00+01:00,25227.71582,33338.71316,114.75
2025-01-28T13:00+01:00,25592.04811,31512.62911,117.39
2025-01-28T14:00+01:00,26467.49305,29758.58899,121.33
2025-01-28T15:00+01:00,26919.15044,28125.86342,139.91
2025-01-28T16:00+01:00,27222.97453,26721.48107,147
2025-01-28T17:00+01:00,27446.78061,27864.80678,149.6
2025-01-28T18:00+01:00,27587.10604,30698.76573,134.94
2025-01-28T19:00+01:00,26404.50624,33144.10048,128.9
2025-01-28T20:00+01:00,23615.06799,34904.41607,94.76
2025-01-28T21:00+01:00,21903.68479,35980.37797,87.26
2025-01-28T22:00+01:00,20757.34201,35796.33017,79.8
2025-01-28T23:00+01:00,18607.30481,35676.31157,64.43
2025-01-29T00:00+01:00,16595.78506,36215.5004,87.72
2025-01-29T01:00+01:00,15817.49488,35794.67234,83.39
2025-01-29T02:00+01:00,15472.02053,35361.94829,78.16
2025-01-29T03:00+01:00,15239.00038,35602.67855,75.64
2025-01-29T04:00+01:00,15807.70523,36021.81956,79.01
2025-01-29T05:00+01:00,17377.68718,36213.42621,86.98
2025-01-29T06:00+01:00,19776.92211,37180.20964,93.14
2025-01-29T07:00+01:00,22464.10744,37183.43327,141.42
2025-01-29T08:00+01:00,23590.98797,38305.48288,142.54
2025-01-29T09:00+01:00,23412.06284,42786.85198,130.45
2025-01-29T10:00+01:00,21430.63785,48849.75289,105.05
2025-01-29T11:00+01:00,18919.63026,53642.95973,89.25
2025-01-29T12:00+01:00,17521.40997,57429.86421,85
2025-01-29T13:00+01:00,17780.0025,58538.83064,85.53
2025-01-29T14:00+01:00,18777.49795,56205.25066,87.67
2025-01-29T15:00+01:00,21838.72895,49972.9349,102.75
2025-01-29T16:00+01:00,25975.22495,40525.88433,132.66
2025-01-29T17:00+01:00,27221.27917,36204.06228,149.57
2025-01-29T18:00+01:00,27355.49346,35036.41334,150.09
2025-01-29T19:00+01:00,27714.61779,34419.96997,146.3
2025-01-29T20:00+01:00,27134.34297,34427.83516,131.95
2025-01-29T21:00+01:00,25810.0413,33701.29417,119.65
2025-01-29T22:00+01:00,25012.70016,31712.24154,111.99
2025-01-29T23:00+01:00,24022.08631,30861.35271,99.33
2025-01-30T00:00+01:00,23000.05767,30821.93611,92.41
2025-01-30T01:00+01:00,22642.25045,30032.20483,92.43
2025-01-30T02:00+01:00,22414.64253,29000.1485,93.33
2025-01-30T03:00+01:00,23065.68792,27867.17865,92.95
2025-01-30T04:00+01:00,23894.5376,26113.32595,92.43
2025-01-30T05:00+01:00,25411.37107,24265.71424,108.65
2025-01-30T06:00+01:00,28330.94568,22946.85332,139.83
2025-01-30T07:00+01:00,30851.29393,22327.88616,152.64
2025-01-30T08:00+01:00,31504.8283,22421.86925,160.3
2025-01-30T09:00+01:00,31490.6714,24769.78181,151.51
2025-01-30T10:00+01:00,30683.05469,26886.9794,135.09
2025-01-30T11:00+01:00,29728.95127,29256.84602,123.25
2025-01-30T12:00+01:00,29151.99855,29463.03291,115.89
2025-01-30T13:00+01:00,29837.50469,27700.08622,113.3
2025-01-30T14:00+01:00,30588.37797,24992.54768,129.41
2025-01-30T15:00+01:00,31679.11213,21366.56445,153.22
2025-01-30T16:00+01:00,32340.9138,17789.76787,160.87
2025-01-30T17:00+01:00,32719.25849,17364.42459,180.36
2025-01-30T18:00+01:00,32699.56729,19301.88976,176.58
2025-01-30T19:00+01:00,32528.66465,21793.51939,161.28
2025-01-30T20:00+01:00,32091.71795,23800.55139,150.2
2025-01-30T21:00+01:00,30343.46019,24474.0598,134.17
2025-01-30T22:00+01:00,27585.92329,25896.96681,126.46
2025-01-30T23:00+01:00,25321.2639,25451.43391,120.2
2025-01-31T00:00+01:00,24746.03028,25619.36498,120
2025-01-31T01:00+01:00,24159.05612,26359.38865,117.08
2025-01-31T02:00+01:00,24018.20501,27444.17351,113.89
2025-01-31T03:00+01:00,24072.96128,27689.7317,113.12
2025-01-31T04:00+01:00,24597.41192,27668.23139,115.98
2025-01-31T05:00+01:00,25771.21576,27749.47811,120.74
2025-01-31T06:00+01:00,28510.08129,28613.30735,131.87
2025-01-31T07:00+01:00,31202.04342,28223.27064,157.97
2025-01-31T08:00+01:00,32617.48318,28568.76757,163.7
2025-01-31T09:00+01:00,32920.53271,31997.32424,154.82
2025-01-31T10:00+01:00,31152.22753,35633.87224,130.1
2025-01-31T11:00+01:00,30200.5632,38088.22871,126.2
2025-01-31T12:00+01:00,28728.19371,39025.94669,120.06
2025-01-31T13:00+01:00,27750.50416,36952.95847,121.19
2025-01-31T14:00+01:00,29944.21826,31637.86169,119.76
2025-01-31T15:00+01:00,32313.27679,25042.96622,149.87
2025-01-31T16:00+01:00,34268.72771,18500.64412,168.26
2025-01-31T17:00+01:00,34555.61107,15896.4934,185.26
2025-01-31T18:00+01:00,35068.25833,15722.47327,184.48
2025-01-31T19:00+01:00,34768.30527,15904.64998,178.99
2025-01-31T20:00+01:00,34466.63051,15672.38984,162.66
2025-01-31T21:00+01:00,33503.40469,15297.96645,152.7
2025-01-31T22:00+01:00,31764.27175,14635.81274,144.31
2025-01-31T23:00+01:00,29906.05546,14339.66742,131.41
2025-02-01T00:00+01:00,28936.11929,14404.71371,136.93
2025-02-01T01:00+01:00,27974.68877,14080.11361,129.42
2025-02-01T02:00+01:00,27366.1696,13510.77998,124.24
2025-02-01T03:00+01:00,27106.55773,12946.86746,119.12
2025-02-01T04:00+01:00,27007.55805,12772.55494,118.86
2025-02-01T05:00+01:00,27224.30227,12315.23166,120.54
2025-02-01T06:00+01:00,27902.37363,11983.56677,127.1
2025-02-01T07:00+01:00,28514.21208,11953.00585,144.74
2025-02-01T08:00+01:00,28513.67535,14228.33829,153.46
2025-02-01T09:00+01:00,28358.81943,20721.23519,142.44
2025-02-01T10:00+01:00,27558.05006,26388.82514,128.4
2025-02-01T11:00+01:00,26621.95742,30505.98736,120.08
2025-02-01T12:00+01:00,26092.68271,32128.79019,110.29
2025-02-01T13:00+01:00,25673.35168,30602.9178,103.4
2025-02-01T14:00+01:00,26290.1621,26091.57576,113.7
2025-02-01T15:00+01:00,28671.38917,18993.2164,129.49
2025-02-01T16:00+01:00,30953.4621,12029.93113,154.43
2025-02-01T17:00+01:00,31737.17773,9899.770515,168.27
2025-02-01T18:00+01:00,31864.39796,10584.61166,167.51
2025-02-01T19:00+01:00,31721.76085,10967.19953,162.98
2025-02-01T20:00+01:00,31636.41152,11236.83427,156.6
2025-02-01T21:00+01:00,30765.58206,11239.54192,145.24
2025-02-01T22:00+01:00,30668.10219,11205.23475,141.73
2025-02-01T23:00+01:00,29659.83402,11294.1834,131.74
2025-02-02T00:00+01:00,28097.68064,11321.51167,133.26
2025-02-02T01:00+01:00,26585.63095,10847.31183,126.91
2025-02-02T02:00+01:00,26142.69343,10632.77778,122.99
2025-02-02T03:00+01:00,25944.082,10407.30609,120.66
2025-02-02T04:00+01:00,26029.49864,10148.91298,122.34
2025-02-02T05:00+01:00,26325.34533,9659.463174,123.41
2025-02-02T06:00+01:00,26596.33209,9464.589034,128.09
2025-02-02T07:00+01:00,27227.4617,9556.516982,135.9
2025-02-02T08:00+01:00,27338.00478,12142.63889,137.3
2025-02-02T09:00+01:00,27228.36072,18990.02508,137.7
2025-02-02T10:00+01:00,26636.10438,25285.90872,130.04
2025-02-02T11:00+01:00,26055.62587,29754.45257,129.33
2025-02-02T12:00+01:00,25110.02867,31315.67158,122.24
2025-02-02T13:00+01:00,24757.05161,30013.41137,111.88
2025-02-02T14:00+01:00,25261.52025,25574.26956,116.42
2025-02-02T15:00+01:00,27653.93419,18311.37597,127.97
2025-02-02T16:00+01:00,30642.36167,10754.08618,151.21
2025-02-02T17:00+01:00,31428.22048,8462.601973,164.03
2025-02-02T18:00+01:00,31907.84715,9224.196533,172.49
2025-02-02T19:00+01:00,31958.40531,9653.873646,173.95
2025-02-02T20:00+01:00,31960.01934,9505.945953,165.5
2025-02-02T21:00+01:00,30984.95882,9408.306022,155.77
2025-02-02T22:00+01:00,29949.8018,9052.984783,148.44
2025-02-02T23:00+01:00,28868.48395,8806.916129,133.24
2025-02-03T00:00+01:00,28014.90718,9117.259133,129.54
2025-02-03T01:00+01:00,28116.81658,9166.719223,126.63
2025-02-03T02:00+01:00,27941.95442,9084.078603,124.72
2025-02-03T03:00+01:00,27696.66381,9055.387489,120.04
2025-02-03T04:00+01:00,28436.0468,9213.511528,123.24
2025-02-03T05:00+01:00,30713.04571,8910.74696,127.77
2025-02-03T06:00+01:00,34596.94825,8734.733665,159.18
2025-02-03T07:00+01:00,36421.9512,8593.917792,207.88
2025-02-03T08:00+01:00,36863.79558,10899.44287,243.23
2025-02-03T09:00+01:00,36560.25505,16719.79585,178.04
2025-02-03T10:00+01:00,34615.57751,22834.9048,149.95
2025-02-03T11:00+01:00,33051.07085,27053.04873,126.05
2025-02-03T12:00+01:00,31957.12707,28665.54736,117.27
2025-02-03T13:00+01:00,31430.3078,28273.71687,115.29
2025-02-03T14:00+01:00,32253.35783,24888.68829,124.18
2025-02-03T15:00+01:00,33934.85359,18637.02565,145.86
2025-02-03T16:00+01:00,35465.57312,12390.6851,170.71
2025-02-03T17:00+01:00,36998.27043,10799.09861,216
2025-02-03T18:00+01:00,37293.23063,11895.89699,200.73
2025-02-03T19:00+01:00,37059.53899,13436.12853,201.1
2025-02-03T20:00+01:00,35733.84883,14116.82076,167.74
2025-02-03T21:00+01:00,34952.12282,14723.19709,153
2025-02-03T22:00+01:00,33920.42882,15030.47308,144.23
2025-02-03T23:00+01:00,31957.37748,15206.79976,135.81
2025-02-04T00:00+01:00,30231.04036,15089.73231,132.4
2025-02-04T01:00+01:00,29821.57527,15064.82128,125.54
2025-02-04T02:00+01:00,29805.66875,15305.86573,123.18
2025-02-04T03:00+01:00,29691.61307,15070.68374,123.99
2025-02-04T04:00+01:00,30062.5997,15132.44722,123.25
2025-02-04T05:00+01:00,31407.97694,15223.77947,127.63
2025-02-04T06:00+01:00,34755.33113,16366.08202,155.42
2025-02-04T07:00+01:00,35732.65791,17653.44892,192.24
2025-02-04T08:00+01:00,35924.31713,20025.3885,211.99
2025-02-04T09:00+01:00,35143.04433,24383.17032,163.31
2025-02-04T10:00+01:00,33502.61824,28791.9478,136.53
2025-02-04T11:00+01:00,31385.40807,32136.69396,126.57
2025-02-04T12:00+01:00,30797.75366,34145.54625,116.89
2025-02-04T13:00+01:00,31641.52297,34296.14493,113.17
2025-02-04T14:00+01:00,32238.36822,31974.99811,120.09
2025-02-04T15:00+01:00,33514.69564,26960.63993,127.47
2025-02-04T16:00+01:00,34579.66593,21205.55615,164.81
2025-02-04T17:00+01:00,34964.78651,19935.1924,168.99
2025-02-04T18:00+01:00,35133.45561,21884.20487,175
2025-02-04T19:00+01:00,35097.2393,23109.18399,162.04
2025-02-04T20:00+01:00,34942.03883,23532.17637,145.01
2025-02-04T21:00+01:00,32937.12486,24390.91823,132.43
2025-02-04T22:00+01:00,30930.6914,24447.78518,129.42
2025-02-04T23:00+01:00,28613.97772,25249.88304,120.62
2025-02-05T00:00+01:00,28794.42222,26284.08685,113.34
2025-02-05T01:00+01:00,29146.64484,26416.49991,109.67
2025-02-05T02:00+01:00,28905.97827,27141.67541,109.4
2025-02-05T03:00+01:00,28618.51721,27708.75893,108.18
2025-02-05T04:00+01:00,29275.73741,27350.29403,115.17
2025-02-05T05:00+01:00,30595.80015,26210.79199,122.42
2025-02-05T06:00+01:00,33598.34779,25910.28541,139.81
2025-02-05T07:00+01:00,35434.62247,24987.34705,165.32
2025-02-05T08:00+01:00,35967.11551,24633.26528,180.81
2025-02-05T09:00+01:00,35431.39825,26121.10743,159.33
2025-02-05T10:00+01:00,33732.45519,27286.29358,132.19
2025-02-05T11:00+01:00,33670.21804,28823.0807,119.96
2025-02-05T12:00+01:00,33183.01048,30520.19407,115.46
2025-02-05T13:00+01:00,32782.66116,30535.75887,118.8
2025-02-05T14:00+01:00,33484.93501,27738.73592,128.85
2025-02-05T15:00+01:00,35264.19057,22784.20934,144.12
2025-02-05T16:00+01:00,36701.32728,17323.89532,160.58
2025-02-05T17:00+01:00,37825.54456,15093.15985,177.19
2025-02-05T18:00+01:00,38655.69031,14561.37694,189.9
2025-02-05T19:00+01:00,38546.8647,14206.07841,189.63
2025-02-05T20:00+01:00,36627.4378,13859.59544,170
2025-02-05T21:00+01:00,36093.55436,13431.71251,155.42
2025-02-05T22:00+01:00,35873.56298,13232.55007,143.7
2025-02-05T23:00+01:00,34219.62764,12744.21983,133.21
2025-02-06T00:00+01:00,33114.20536,12058.31755,133.67
2025-02-06T01:00+01:00,32567.3405,11591.27802,129.57
2025-02-06T02:00+01:00,32052.21567,10724.54069,125.87
2025-02-06T03:00+01:00,32239.8963,10267.74793,125
2025-02-06T04:00+01:00,33013.6221,10030.71051,125.01
2025-02-06T05:00+01:00,34691.46985,10312.96376,135.28
2025-02-06T06:00+01:00,36534.81776,10572.76334,156.12
2025-02-06T07:00+01:00,37439.43225,11148.23392,180.09
2025-02-06T08:00+01:00,37745.81971,12246.0884,219.42
2025-02-06T09:00+01:00,37602.33431,14032.23556,178.99
2025-02-06T10:00+01:00,37560.59346,15893.28945,160.14
2025-02-06T11:00+01:00,37454.08853,17306.43479,152.56
2025-02-06T12:00+01:00,37240.74335,18685.78715,147.89
2025-02-06T13:00+01:00,37134.93468,19105.02077,145.48
2025-02-06T14:00+01:00,37147.29972,19157.17708,137.79
2025-02-06T15:00+01:00,37239.92918,17928.89724,150.8
2025-02-06T16:00+01:00,37556.06935,17468.32305,164.89
2025-02-06T17:00+01:00,37756.35458,19694.04954,171.59
2025-02-06T18:00+01:00,37515.26979,22834.82328,170.48
2025-02-06T19:00+01:00,37487.15845,24954.76176,162.95
2025-02-06T20:00+01:00,36693.97753,25897.99851,141.33
2025-02-06T21:00+01:00,33362.83325,27000.71652,131.26
2025-02-06T22:00+01:00,31131.87836,28076.7556,134
2025-02-06T23:00+01:00,29055.92191,30092.55151,121.95
2025-02-07T00:00+01:00,28270.84522,32048.58522,126.05
2025-02-07T01:00+01:00,27060.46016,34522.8038,112.7
2025-02-07T02:00+01:00,26313.25643,36031.9603,108.82
2025-02-07T03:00+01:00,25772.06607,38010.53112,105
2025-02-07T04:00+01:00,25358.78715,39841.47885,104.81
2025-02-07T05:00+01:00,26113.04952,41111.8657,105.07
2025-02-07T06:00+01:00,27608.50479,43036.46024,112.39
2025-02-07T07:00+01:00,30078.44145,43441.70895,141.66
2025-02-07T08:00+01:00,30900.18296,45223.1363,164.21
2025-02-07T09:00+01:00,30261.53419,48440.69797,150.36
2025-02-07T10:00+01:00,28863.19767,51794.04741,133.88
2025-02-07T11:00+01:00,26996.07708,54987.99664,115.14
2025-02-07T12:00+01:00,26218.66867,55961.78458,111.49
2025-02-07T13:00+01:00,26478.30877,54128.53487,106.77
2025-02-07T14:00+01:00,26617.79549,50677.24916,109.59
2025-02-07T15:00+01:00,27417.13825,46175.60572,111.68
2025-02-07T16:00+01:00,29037.36965,41343.20622,126.61
2025-02-07T17:00+01:00,29946.55342,40414.01477,142.85
2025-02-07T18:00+01:00,29697.66373,41615.83277,149.05
2025-02-07T19:00+01:00,29441.60711,40844.57544,144.32
2025-02-07T20:00+01:00,29216.4029,40496.67132,126.93
2025-02-07T21:00+01:00,27615.24717,39105.05408,100
2025-02-07T22:00+01:00,26315.22782,38081.67662,98.72
2025-02-07T23:00+01:00,25626.36631,36688.9904,100.14
2025-02-08T00:00+01:00,23001.05843,35880.1259,81.34
2025-02-08T01:00+01:00,22352.22998,35550.49554,84.85
2025-02-08T02:00+01:00,22464.49079,34914.04591,85.8
2025-02-08T03:00+01:00,22633.9432,34780.96641,87.08
2025-02-08T04:00+01:00,22944.9751,34286.8702,89.69
2025-02-08T05:00+01:00,23371.10218,34286.94195,90.99
2025-02-08T06:00+01:00,24443.56242,34153.42416,90.8
2025-02-08T07:00+01:00,24968.0644,33664.28416,95.31
2025-02-08T08:00+01:00,24749.66585,36656.37174,111.11
2025-02-08T09:00+01:00,23204.51703,42186.05095,92.68
2025-02-08T10:00+01:00,20967.53728,47849.12352,79.42
2025-02-08T11:00+01:00,19821.79137,50946.03694,68.75
2025-02-08T12:00+01:00,19316.17222,50156.69931,67.71
2025-02-08T13:00+01:00,19321.16591,47553.77698,79.85
2025-02-08T14:00+01:00,21273.36439,42632.03455,89.85
2025-02-08T15:00+01:00,25017.15078,35079.92228,118
2025-02-08T16:00+01:00,27984.27269,27105.96353,140.87
2025-02-08T17:00+01:00,29447.9776,25466.22933,150
2025-02-08T18:00+01:00,30009.09885,27925.72736,160.49
2025-02-08T19:00+01:00,30415.6884,27575.38559,161.1
2025-02-08T20:00+01:00,30355.13321,24845.0536,156.42
2025-02-08T21:00+01:00,29525.3909,22547.20377,149
2025-02-08T22:00+01:00,29250.17636,20351.98368,144
2025-02-08T23:00+01:00,28646.78122,18486.17381,136.31
2025-02-09T00:00+01:00,27608.33231,16913.00943,135
2025-02-09T01:00+01:00,27113.39629,15933.35838,134.51
2025-02-09T02:00+01:00,26995.84618,15934.46093,130.18
2025-02-09T03:00+01:00,26775.26321,16172.52629,119.3
2025-02-09T04:00+01:00,26819.30543,16352.13296,116.79
2025-02-09T05:00+01:00,26538.02118,16573.00122,117
2025-02-09T06:00+01:00,26193.05085,17043.68253,117
2025-02-09T07:00+01:00,26597.47188,16962.01849,133.43
2025-02-09T08:00+01:00,26610.74962,21355.30526,136.77
2025-02-09T09:00+01:00,25911.4468,27316.29146,123.97
2025-02-09T10:00+01:00,24978.44927,33041.93446,114.79
2025-02-09T11:00+01:00,24323.43253,36584.35591,105.65
2025-02-09T12:00+01:00,24040.46347,37340.85295,98.71
2025-02-09T13:00+01:00,23660.27866,36130.7911,95.53
2025-02-09T14:00+01:00,24490.46377,32048.39258,109.9
2025-02-09T15:00+01:00,26911.31364,27157.83565,120.4
2025-02-09T16:00+01:00,28972.53964,24315.76955,141.96
2025-02-09T17:00+01:00,30178.59078,24033.57763,148.58
2025-02-09T18:00+01:00,31395.61979,26888.37823,161.93
2025-02-09T19:00+01:00,31214.01945,27754.42116,156.13
2025-02-09T20:00+01:00,31446.45305,26506.5894,150.65
2025-02-09T21:00+01:00,30936.00574,25425.4164,142.92
2025-02-09T22:00+01:00,30331.2505,24874.71881,143
2025-02-09T23:00+01:00,28646.69551,25034.0139,127.97
2025-02-10T00:00+01:00,27936.40523,25223.98871,118.58
2025-02-10T01:00+01:00,27204.45787,25298.41471,111.82
2025-02-10T02:00+01:00,27051.11139,25813.65587,109.22
2025-02-10T03:00+01:00,26970.85201,26364.94742,106.29
2025-02-10T04:00+01:00,27368.45261,26649.95149,105.85
2025-02-10T05:00+01:00,27981.96978,27143.82284,112
2025-02-10T06:00+01:00,29560.98478,28514.42745,145.38
2025-02-10T07:00+01:00,31092.24387,28767.37848,162.02
2025-02-10T08:00+01:00,31770.59051,31172.19324,181.36
2025-02-10T09:00+01:00,31597.25195,34649.74579,163.18
2025-02-10T10:00+01:00,30657.25308,39033.72307,135.9
2025-02-10T11:00+01:00,30011.28396,42262.13592,115.28
2025-02-10T12:00+01:00,29924.6432,44028.15743,109.36
2025-02-10T13:00+01:00,29286.53047,44152.62088,109.74
2025-02-10T14:00+01:00,29420.14265,43148.9574,123.07
2025-02-10T15:00+01:00,29707.13698,39593.75668,128.54
2025-02-10T16:00+01:00,30778.40719,36727.47405,133.58
2025-02-10T17:00+01:00,30852.71271,37635.38424,133.82
2025-02-10T18:00+01:00,31360.6671,40893.62187,142.11
2025-02-10T19:00+01:00,31637.4021,42109.27672,114.85
2025-02-10T20:00+01:00,30435.37439,42139.18342,94.37
2025-02-10T21:00+01:00,29855.14605,42656.48318,91.48
2025-02-10T22:00+01:00,29116.16474,41731.30959,88.87
2025-02-10T23:00+01:00,27123.66209,41806.41706,87.38
2025-02-11T00:00+01:00,25089.13151,41308.0394,77.45
2025-02-11T01:00+01:00,25309.28483,40172.91814,71.1
2025-02-11T02:00+01:00,25448.91962,39770.73182,71.62
2025-02-11T03:00+01:00,26042.15861,38747.0797,74.89
2025-02-11T04:00+01:00,26656.88714,38272.86011,77.45
2025-02-11T05:00+01:00,28128.87427,37493.32041,87.44
2025-02-11T06:00+01:00,31230.8298,36621.69056,100.46
2025-02-11T07:00+01:00,32531.09715,36710.38204,134.93
2025-02-11T08:00+01:00,33432.33451,35902.96266,155.53
2025-02-11T09:00+01:00,33410.0592,35663.6526,141.42
2025-02-11T10:00+01:00,32312.10261,37678.95086,96.65
2025-02-11T11:00+01:00,32243.39352,39298.69336,92.78
2025-02-11T12:00+01:00,31706.60793,39517.08738,97.68
2025-02-11T13:00+01:00,31744.30835,38350.14698,111.11
2025-02-11T14:00+01:00,32105.11146,36093.36047,123.46
2025-02-11T15:00+01:00,32665.29146,34218.14635,143.69
2025-02-11T16:00+01:00,32886.1586,32631.79004,144.47
2025-02-11T17:00+01:00,33512.2923,33603.02954,159.97
2025-02-11T18:00+01:00,33696.70098,34131.18793,168.19
2025-02-11T19:00+01:00,34129.56807,33871.98453,167.45
2025-02-11T20:00+01:00,33896.13692,32756.71684,162.63
2025-02-11T21:00+01:00,33190.89403,31179.45712,148.75
2025-02-11T22:00+01:00,31601.35009,29286.37257,142.95
2025-02-11T23:00+01:00,30481.76254,28726.60281,128.24
2025-02-12T00:00+01:00,28921.14251,29063.61195,129.13
2025-02-12T01:00+01:00,28130.58284,29194.54314,127.77
2025-02-12T02:00+01:00,27581.57497,29079.48099,126.82
2025-02-12T03:00+01:00,27493.86114,29011.49217,126.59
2025-02-12T04:00+01:00,27451.13981,28470.15861,128.74
2025-02-12T05:00+01:00,29637.80851,27754.53767,131.24
2025-02-12T06:00+01:00,32837.89302,27950.79828,151.13
2025-02-12T07:00+01:00,35895.67496,27863.92453,163.64
2025-02-12T08:00+01:00,36835.63243,28935.81617,180
2025-02-12T09:00+01:00,37160.8799,30566.88368,174.92
2025-02-12T10:00+01:00,36319.63633,32736.77011,162.05
2025-02-12T11:00+01:00,35766.48414,34786.10996,144.01
2025-02-12T12:00+01:00,35580.93589,34707.87247,137.28
2025-02-12T13:00+01:00,36352.57351,32381.77103,142.03
2025-02-12T14:00+01:00,36993.05365,28900.61752,149.4
2025-02-12T15:00+01:00,37574.04601,26170.6247,159.67
2025-02-12T16:00+01:00,37873.99027,22914.76604,173.21
2025-02-12T17:00+01:00,38223.99737,21385.56609,184.59
2025-02-12T18:00+01:00,38611.7602,20713.20516,197.13
2025-02-12T19:00+01:00,37856.92578,19915.54794,192.57
2025-02-12T20:00+01:00,37290.05598,18884.0941,173.9
2025-02-12T21:00+01:00,36340.01608,17352.55142,155.78
2025-02-12T22:00+01:00,35873.83154,15707.04191,150.38
2025-02-12T23:00+01:00,34063.09407,14521.72233,141.81
2025-02-13T00:00+01:00,33549.69728,13649.48924,140.33
2025-02-13T01:00+01:00,33457.655,12998.75344,137.75
2025-02-13T02:00+01:00,33519.63664,12653.37347,140.79
2025-02-13T03:00+01:00,33673.72026,12405.35921,136.59
2025-02-13T04:00+01:00,33852.58646,12746.46638,140
2025-02-13T05:00+01:00,35051.48018,13264.36653,142
2025-02-13T06:00+01:00,37192.9594,13649.60365,159.99
2025-02-13T07:00+01:00,38524.92867,13753.80462,190.33
2025-02-13T08:00+01:00,39239.53532,14647.70567,222.36
2025-02-13T09:00+01:00,39165.16129,16455.44649,220.05
2025-02-13T10:00+01:00,39207.43632,17866.56675,203.89
2025-02-13T11:00+01:00,38991.00296,19130.08593,184.68
2025-02-13T12:00+01:00,38645.43675,19624.18772,174.52
2025-02-13T13:00+01:00,38549.32161,19540.9626,170.1
2025-02-13T14:00+01:00,37833.86399,19120.66855,166.7
2025-02-13T15:00+01:00,37839.8522,18737.31117,170.1
2025-02-13T16:00+01:00,37785.07561,18654.90319,182
2025-02-13T17:00+01:00,36900.56103,19003.85598,213.05
2025-02-13T18:00+01:00,37000.96095,19875.22568,207.17
2025-02-13T19:00+01:00,36798.97354,20462.76594,196.52
2025-02-13T20:00+01:00,36024.82232,19877.67675,177.03
2025-02-13T21:00+01:00,35538.09026,19430.72884,162.92
2025-02-13T22:00+01:00,35141.74319,18475.26506,153.12
2025-02-13T23:00+01:00,34609.46686,17587.31234,138.97
2025-02-14T00:00+01:00,34840.697,17300.89439,139.21
2025-02-14T01:00+01:00,34514.61668,16748.32226,132.8
2025-02-14T02:00+01:00,34264.49961,16196.50167,128.5
2025-02-14T03:00+01:00,34193.08932,15604.51717,127.65
2025-02-14T04:00+01:00,34704.3639,14982.45713,129.58
2025-02-14T05:00+01:00,35421.62435,14622.67181,139.59
2025-02-14T06:00+01:00,36686.10698,14430.82533,162.89
2025-02-14T07:00+01:00,37994.31737,13997.19497,227.08
2025-02-14T08:00+01:00,38641.42934,14001.99236,265.64
2025-02-14T09:00+01:00,38883.86394,14474.36061,215.11
2025-02-14T10:00+01:00,38308.24042,15008.07933,181.03
2025-02-14T11:00+01:00,37911.50584,15250.43287,163.01
2025-02-14T12:00+01:00,38001.55688,14609.37823,149.86
2025-02-14T13:00+01:00,37856.32491,13605.37491,148.61
2025-02-14T14:00+01:00,38132.56438,12210.84451,155.8
2025-02-14T15:00+01:00,38505.3516,10514.67277,175.06
2025-02-14T16:00+01:00,39138.55386,9181.597643,200
2025-02-14T17:00+01:00,39300.06445,8558.97779,298.91
2025-02-14T18:00+01:00,39070.96584,8568.509521,293.06
2025-02-14T19:00+01:00,38163.37659,8352.735609,225.7
2025-02-14T20:00+01:00,37465.37268,8337.26717,183.55
2025-02-14T21:00+01:00,36435.09159,8163.922886,163.79
2025-02-14T22:00+01:00,35937.49477,7986.337688,153
2025-02-14T23:00+01:00,34812.61499,8109.636494,140.03
2025-02-15T00:00+01:00,32483.95044,8150.19827,135.29
2025-02-15T01:00+01:00,31171.92021,8391.785375,130.34
2025-02-15T02:00+01:00,31040.46649,8620.537266,120
2025-02-15T03:00+01:00,30965.63338,8757.083397,118.24
2025-02-15T04:00+01:00,31069.38386,8654.749898,118.45
2025-02-15T05:00+01:00,31359.12126,8756.139543,120.37
2025-02-15T06:00+01:00,31919.09885,8948.541217,133.74
2025-02-15T07:00+01:00,32125.72815,9272.289203,148.58
2025-02-15T08:00+01:00,32427.44298,10467.63266,150.67
2025-02-15T09:00+01:00,32577.28448,13124.20488,137.01
2025-02-15T10:00+01:00,32422.83315,16099.17166,124.59
2025-02-15T11:00+01:00,32691.78155,18847.99515,118.36
2025-02-15T12:00+01:00,32535.51528,19690.7236,112.39
2025-02-15T13:00+01:00,32430.44492,18861.1327,110.01
2025-02-15T14:00+01:00,33045.23376,16594.39301,116.15
2025-02-15T15:00+01:00,34194.06135,13772.7908,128.83
2025-02-15T16:00+01:00,35394.26641,10553.25758,145.89
2025-02-15T17:00+01:00,35463.10332,8705.362336,164.54
2025-02-15T18:00+01:00,35583.24851,8875.168884,174.7
2025-02-15T19:00+01:00,35459.79876,8906.624726,164.76
2025-02-15T20:00+01:00,35471.43732,9580.679434,149.65
2025-02-15T21:00+01:00,34822.85877,10542.55052,128.31
2025-02-15T22:00+01:00,33588.68909,11615.58128,132.37
2025-02-15T23:00+01:00,31381.5636,12834.52221,124.54
2025-02-16T00:00+01:00,29518.28175,14308.26945,134.11
2025-02-16T01:00+01:00,28907.05087,15184.8368,128.9
2025-02-16T02:00+01:00,28841.84514,15968.70276,123.57
2025-02-16T03:00+01:00,28733.47968,17117.13101,119.9
2025-02-16T04:00+01:00,28763.34041,18268.05031,119.57
2025-02-16T05:00+01:00,28673.98269,20048.91979,120.18
2025-02-16T06:00+01:00,28310.43803,20575.97891,119.92
2025-02-16T07:00+01:00,28386.78436,20836.02114,127.51
2025-02-16T08:00+01:00,28917.82173,21448.31635,129.6
2025-02-16T09:00+01:00,28632.37992,23865.30262,130.49
2025-02-16T10:00+01:00,27759.54259,28305.82598,127.7
2025-02-16T11:00+01:00,24941.28912,31846.62215,124.03
2025-02-16T12:00+01:00,24315.9264,32381.91371,124.67
2025-02-16T13:00+01:00,22709.49443,30613.74422,118.77
2025-02-16T14:00+01:00,22928.98057,27438.94751,121.02
2025-02-16T15:00+01:00,26112.38629,23170.17651,129.55
2025-02-16T16:00+01:00,30457.46017,18448.91711,137.68
2025-02-16T17:00+01:00,33141.8783,15806.57036,153.98
2025-02-16T18:00+01:00,33629.02702,16436.12303,169.98
2025-02-16T19:00+01:00,33635.53441,16665.98272,160.29
2025-02-16T20:00+01:00,33664.60194,17096.29026,153.72
2025-02-16T21:00+01:00,33045.75385,16849.2872,139.34
2025-02-16T22:00+01:00,33069.92711,16125.59336,137.62
2025-02-16T23:00+01:00,32285.15203,15439.87672,131.51
2025-02-17T00:00+01:00,31393.54987,14660.93491,128.05
2025-02-17T01:00+01:00,31130.66477,14094.05774,121.06
2025-02-17T02:00+01:00,31444.66178,13303.7367,120.34
2025-02-17T03:00+01:00,31921.41249,12751.28064,125.52
2025-02-17T04:00+01:00,32888.67665,12563.8113,128.94
2025-02-17T05:00+01:00,35495.65604,12573.57908,131.54
2025-02-17T06:00+01:00,37648.51464,12909.52634,153.16
2025-02-17T07:00+01:00,38551.98605,13408.39068,204.74
2025-02-17T08:00+01:00,39038.45193,17772.25494,209.79
2025-02-17T09:00+01:00,37585.33011,24925.97839,171.3
2025-02-17T10:00+01:00,36121.20826,32507.88896,139.67
2025-02-17T11:00+01:00,33022.9049,37646.43456,117.19
2025-02-17T12:00+01:00,31245.29183,38864.12318,109.47
2025-02-17T13:00+01:00,31040.18216,37430.22347,106.78
2025-02-17T14:00+01:00,31560.41216,33447.31928,111.89
2025-02-17T15:00+01:00,34263.03051,26387.65785,132.27
2025-02-17T16:00+01:00,39030.11267,17266.86714,158.96
2025-02-17T17:00+01:00,41143.51214,11437.33405,222.92
2025-02-17T18:00+01:00,42005.14865,12310.11274,271
2025-02-17T19:00+01:00,41423.19006,13159.90124,215.36
2025-02-17T20:00+01:00,40101.73736,13170.23508,177.86
2025-02-17T21:00+01:00,39266.81436,12921.54154,155.19
2025-02-17T22:00+01:00,38795.45182,12564.9812,139.39
2025-02-17T23:00+01:00,37346.87653,12499.14974,129.57
2025-02-18T00:00+01:00,35051.51169,12919.26112,132.95
2025-02-18T01:00+01:00,34122.67125,13106.20267,125
2025-02-18T02:00+01:00,34352.49396,13453.91849,123.56
2025-02-18T03:00+01:00,33865.81538,13748.13933,117.11
2025-02-18T04:00+01:00,34262.26443,14330.7021,115.66
2025-02-18T05:00+01:00,35388.56297,15089.67067,121.93
2025-02-18T06:00+01:00,37979.91661,15971.21096,143.61
2025-02-18T07:00+01:00,39075.11122,17523.46036,190.34
2025-02-18T08:00+01:00,38893.09047,23962.17773,193.8
2025-02-18T09:00+01:00,36515.50241,32171.60891,143.53
2025-02-18T10:00+01:00,33417.44206,39087.50763,124.24
2025-02-18T11:00+01:00,30522.38292,44930.34822,109.71
2025-02-18T12:00+01:00,27301.99848,47496.0199,96.41
2025-02-18T13:00+01:00,26069.71208,46663.65232,88.53
2025-02-18T14:00+01:00,27171.02855,43121.3095,98.35
2025-02-18T15:00+01:00,28903.2528,35602.40667,110
2025-02-18T16:00+01:00,32606.24414,25169.54832,128.16
2025-02-18T17:00+01:00,35306.05804,19651.89136,177.61
2025-02-18T18:00+01:00,35620.49947,23082.49199,174.32
2025-02-18T19:00+01:00,34172.10676,26658.43591,155.91
2025-02-18T20:00+01:00,32820.93163,27750.33262,142.42
2025-02-18T21:00+01:00,31820.39341,28133.68167,129.41
2025-02-18T22:00+01:00,29671.97045,29335.36107,121.9
2025-02-18T23:00+01:00,28068.59854,29645.91071,114.45
2025-02-19T00:00+01:00,28018.44218,29661.49815,104.54
2025-02-19T01:00+01:00,27567.6438,29783.32403,99.29
2025-02-19T02:00+01:00,27776.18875,29748.19853,99.6
2025-02-19T03:00+01:00,28092.10969,29952.91614,97.29
2025-02-19T04:00+01:00,28358.14988,30513.35785,94.5
2025-02-19T05:00+01:00,28994.87457,31207.53164,97.48
2025-02-19T06:00+01:00,30343.50047,32249.38571,115
2025-02-19T07:00+01:00,31024.35337,33960.2931,149.5
2025-02-19T08:00+01:00,30809.10307,40053.14293,166.37
2025-02-19T09:00+01:00,29056.85957,48270.0758,128.76
2025-02-19T10:00+01:00,26649.79527,54194.12746,107.91
2025-02-19T11:00+01:00,24503.37261,58914.95613,89.28
2025-02-19T12:00+01:00,22695.48718,60838.89636,81.52
2025-02-19T13:00+01:00,22178.54168,59558.41929,82.74
2025-02-19T14:00+01:00,23394.85279,55464.27017,85.2
2025-02-19T15:00+01:00,26207.31039,48357.85746,90.63
2025-02-19T16:00+01:00,29052.65037,37736.52137,110.03
2025-02-19T17:00+01:00,31530.78805,33570.48505,131.28
2025-02-19T18:00+01:00,31832.61389,37732.33682,142.98
2025-02-19T19:00+01:00,32240.50571,40708.87608,144.42
2025-02-19T20:00+01:00,30474.07548,39814.04896,120.9
2025-02-19T21:00+01:00,30138.19141,38600.75647,113.75
2025-02-19T22:00+01:00,29621.85621,35514.1908,107.13
2025-02-19T23:00+01:00,28797.61516,34942.66728,99.81
2025-02-20T00:00+01:00,27044.02229,34608.0974,86.17
2025-02-20T01:00+01:00,25866.51552,34600.99922,85.2
2025-02-20T02:00+01:00,25649.05641,33315.71563,84.56
2025-02-20T03:00+01:00,25928.16962,32639.37829,83.64
2025-02-20T04:00+01:00,25842.77541,32633.5648,82.18
2025-02-20T05:00+01:00,27062.92392,31983.23225,83.84
2025-02-20T06:00+01:00,29530.39677,31953.27364,86.31
2025-02-20T07:00+01:00,30615.4408,32331.14289,110.41
2025-02-20T08:00+01:00,30557.44137,35503.69821,127.98
2025-02-20T09:00+01:00,29791.28487,38346.58598,105.87
2025-02-20T10:00+01:00,29464.07792,40818.08012,93.72
2025-02-20T11:00+01:00,28164.99829,42692.43484,87.23
2025-02-20T12:00+01:00,27692.74861,43229.56362,86.87
2025-02-20T13:00+01:00,27312.49419,42129.94236,84.51
2025-02-20T14:00+01:00,28482.09945,39704.24327,84.78
2025-02-20T15:00+01:00,29657.37393,34819.33863,90.05
2025-02-20T16:00+01:00,29856.981,30257.17648,98.34
2025-02-20T17:00+01:00,30833.72735,29907.82094,110.13
2025-02-20T18:00+01:00,31383.94203,32982.38794,112.38
2025-02-20T19:00+01:00,31226.21722,34469.83644,122.45
2025-02-20T20:00+01:00,30063.29788,34387.81884,105.91
2025-02-20T21:00+01:00,28974.68239,33363.24603,92.41
2025-02-20T22:00+01:00,27215.59326,32306.67484,90.84
2025-02-20T23:00+01:00,25041.17797,32386.62489,83
2025-02-21T00:00+01:00,23507.12754,31014.39366,75.51
2025-02-21T01:00+01:00,23062.16274,30149.53345,74.99
2025-02-21T02:00+01:00,23609.86742,28274.43584,79.8
2025-02-21T03:00+01:00,22951.69184,27457.22892,83.4
2025-02-21T04:00+01:00,23124.719,26619.18907,82.4
2025-02-21T05:00+01:00,24427.20551,26194.64043,82.03
2025-02-21T06:00+01:00,26469.69282,25582.80816,106.47
2025-02-21T07:00+01:00,27744.65486,25868.24735,152.5
2025-02-21T08:00+01:00,27894.30514,29679.54185,145.21
2025-02-21T09:00+01:00,26535.69071,34794.8294,120.98
2025-02-21T10:00+01:00,23406.06514,39544.23992,98.68
2025-02-21T11:00+01:00,20948.24749,44017.11353,83.4
2025-02-21T12:00+01:00,19415.46564,46541.20571,78
2025-02-21T13:00+01:00,19000.5632,46839.79662,76.41
2025-02-21T14:00+01:00,19142.82071,44731.79244,79.52
2025-02-21T15:00+01:00,20295.6324,38831.54731,82.94
2025-02-21T16:00+01:00,23846.97057,32578.24703,103.47
2025-02-21T17:00+01:00,25746.41637,32344.02777,103.45
2025-02-21T18:00+01:00,25471.00601,38301.07934,101.98
2025-02-21T19:00+01:00,23041.94477,41291.27362,81.95
2025-02-21T20:00+01:00,20617.91937,41306.80551,80.25
2025-02-21T21:00+01:00,18253.99363,40853.17904,70.85
2025-02-21T22:00+01:00,17479.41737,38556.64302,70.64
2025-02-21T23:00+01:00,16795.21891,37402.01479,64.33
2025-02-22T00:00+01:00,15281.28596,37854.65253,50.99
2025-02-22T01:00+01:00,14800.33106,37456.94755,48.62
2025-02-22T02:00+01:00,14794.92533,36653.69072,47.96
2025-02-22T03:00+01:00,15087.98607,36029.13791,42.62
2025-02-22T04:00+01:00,15137.14411,35658.47161,41.2
2025-02-22T05:00+01:00,15266.16655,35140.48953,49.15
2025-02-22T06:00+01:00,14894.47494,36055.37887,49.11
2025-02-22T07:00+01:00,14590.58477,37104.14712,61.22
2025-02-22T08:00+01:00,14745.34618,41520.84825,68.25
2025-02-22T09:00+01:00,14218.84391,45794.02142,67.74
2025-02-22T10:00+01:00,13785.04559,48730.42492,53.21
2025-02-22T11:00+01:00,13198.43699,50477.39411,47.13
2025-02-22T12:00+01:00,12791.92534,49774.52114,40.4
2025-02-22T13:00+01:00,12855.1077,46879.94892,52.69
2025-02-22T14:00+01:00,13979.08396,41171.93524,68
2025-02-22T15:00+01:00,17478.69538,34157.36752,85.6
2025-02-22T16:00+01:00,19174.94571,29284.8406,100.95
2025-02-22T17:00+01:00,20083.80118,28059.78462,108.38
2025-02-22T18:00+01:00,20023.87541,29585.35914,106.98
2025-02-22T19:00+01:00,20704.01873,30228.04022,115.18
2025-02-22T20:00+01:00,20697.3763,30040.7302,103
2025-02-22T21:00+01:00,20399.6915,29092.92643,101.58
2025-02-22T22:00+01:00,20144.72034,28362.89028,94.27
2025-02-22T23:00+01:00,19722.04799,27960.68296,83.51
2025-02-23T00:00+01:00,18914.96148,26756.2396,91.1
2025-02-23T01:00+01:00,18078.99418,24963.01782,84.99
2025-02-23T02:00+01:00,17549.71397,23357.6066,86.21
2025-02-23T03:00+01:00,17445.88377,22375.78574,83.63
2025-02-23T04:00+01:00,17828.07636,22020.39337,85.77
2025-02-23T05:00+01:00,18170.67531,20967.89495,87.33
2025-02-23T06:00+01:00,18838.42543,20198.79132,87.7
2025-02-23T07:00+01:00,19731.32807,19689.1442,108
2025-02-23T08:00+01:00,19546.38683,21881.59012,112.24
2025-02-23T09:00+01:00,19341.86606,26114.04428,99.35
2025-02-23T10:00+01:00,17452.19191,33337.38364,83
2025-02-23T11:00+01:00,15043.84441,38938.10907,81.5
2025-02-23T12:00+01:00,13547.30503,41985.41122,71.12
2025-02-23T13:00+01:00,13441.67054,41577.31268,69.2
2025-02-23T14:00+01:00,13454.85694,38428.48608,64.75
2025-02-23T15:00+01:00,14602.73316,32049.64007,69.11
2025-02-23T16:00+01:00,18136.59971,23604.88931,84.7
2025-02-23T17:00+01:00,20542.13356,17912.69028,150.45
2025-02-23T18:00+01:00,20934.69791,18805.14734,154.69
2025-02-23T19:00+01:00,21173.8758,22562.84307,117.02
2025-02-23T20:00+01:00,21013.34964,25926.83477,96.03
2025-02-23T21:00+01:00,20073.65053,28330.38203,77.32
2025-02-23T22:00+01:00,18903.26045,29054.00848,73.81
2025-02-23T23:00+01:00,17170.48882,30198.29004,65.99
2025-02-24T00:00+01:00,16090.65899,31680.49358,70.83
2025-02-24T01:00+01:00,15504.2439,31791.59087,67.99
2025-02-24T02:00+01:00,15422.83851,31963.41667,40.98
2025-02-24T03:00+01:00,16059.31697,32763.75522,37.1
2025-02-24T04:00+01:00,17306.12788,33723.43428,65.34
2025-02-24T05:00+01:00,17971.39016,35095.62374,70.03
2025-02-24T06:00+01:00,20030.42267,37486.19131,81
2025-02-24T07:00+01:00,21829.46153,39090.25775,84.8
2025-02-24T08:00+01:00,22929.69591,44176.92515,106.68
2025-02-24T09:00+01:00,21543.84808,49577.55504,93.26
2025-02-24T10:00+01:00,19941.07584,52612.53187,79.04
2025-02-24T11:00+01:00,18577.4801,55125.71497,83.44
2025-02-24T12:00+01:00,17928.34622,55822.05243,81.63
2025-02-24T13:00+01:00,17423.47209,54195.28712,83
2025-02-24T14:00+01:00,17593.25695,50200.05175,86.4
2025-02-24T15:00+01:00,19301.07677,45378.40193,92.55
2025-02-24T16:00+01:00,20111.05661,41803.67007,100.7
2025-02-24T17:00+01:00,21439.71299,39648.66423,112.94
2025-02-24T18:00+01:00,23388.59656,40462.72066,137.81
2025-02-24T19:00+01:00,22807.98154,40054.85216,148.71
2025-02-24T20:00+01:00,22098.5053,38761.41038,129.27
2025-02-24T21:00+01:00,21803.16028,36132.34713,112.29
2025-02-24T22:00+01:00,21967.59109,32680.04246,112.9
2025-02-24T23:00+01:00,21623.32139,30374.71874,106.48
2025-02-25T00:00+01:00,22521.49092,27856.92921,90.6
2025-02-25T01:00+01:00,22775.99679,25645.77258,89.91
2025-02-25T02:00+01:00,23064.61907,23450.61901,93.39
2025-02-25T03:00+01:00,23572.32508,21331.00744,93.86
2025-02-25T04:00+01:00,24559.57846,19191.62708,97.43
2025-02-25T05:00+01:00,26804.54095,17418.2452,105.78
2025-02-25T06:00+01:00,29401.72127,16059.5619,144.87
2025-02-25T07:00+01:00,31456.4002,15458.65199,167.16
2025-02-25T08:00+01:00,31939.04441,17296.16088,173.34
2025-02-25T09:00+01:00,31881.50567,23005.58486,153.73
2025-02-25T10:00+01:00,31186.45078,28230.85676,140.36
2025-02-25T11:00+01:00,,,126.75
2025-02-25T12:00+01:00,,,124.63
2025-02-25T13:00+01:00,,,125.81
2025-02-25T14:00+01:00,,,134.38
2025-02-25T15:00+01:00,,,148.34
2025-02-25T16:00+01:00,,,170.68
2025-02-25T17:00+01:00,,,207.97
2025-02-25T18:00+01:00,,,233.05
2025-02-25T19:00+01:00,,,188.09
2025-02-25T20:00+01:00,,,156.96
2025-02-25T21:00+01:00,,,142.47
2025-02-25T22:00+01:00,,,129.46
2025-02-25T23:00+01:00,,,115.13
2025-02-26T00:00+01:00,,,
2025-02-26T01:00+01:00,,,
2025-02-26T02:00+01:00,,,
2025-02-26T03:00+01:00,,,
2025-02-26T04:00+01:00,,,
2025-02-26T05:00+01:00,,,
2025-02-26T06:00+01:00,,,
2025-02-26T07:00+01:00,,,
2025-02-26T08:00+01:00,,,
2025-02-26T09:00+01:00,,,
2025-02-26T10:00+01:00,,,
2025-02-26T11:00+01:00,,,
2025-02-26T12:00+01:00,,,
2025-02-26T13:00+01:00,,,
2025-02-26T14:00+01:00,,,
2025-02-26T15:00+01:00,,,
2025-02-26T16:00+01:00,,,
2025-02-26T17:00+01:00,,,
2025-02-26T18:00+01:00,,,
2025-02-26T19:00+01:00,,,
2025-02-26T20:00+01:00,,,
2025-02-26T21:00+01:00,,,
2025-02-26T22:00+01:00,,,
2025-02-26T23:00+01:00,,,